Id,ContractName,EnteredAt,ExitedAt,EntryPrice,ExitPrice,Fees,PnL,Size,Type,TradeDay,TradeDuration,Commissions
1528294097,MNQZ5,10/27/2025 15:12:43 +01:00,10/27/2025 15:16:54 +01:00,25862.5,25847.25,1.48,-61.0,2,Long,10/27/2025 00:00:00 -05:00,00:04:11.1665390,
1528532959,MNQZ5,10/27/2025 15:27:12 +01:00,10/27/2025 15:28:21 +01:00,25831.25,25851.0,1.48,-79.0,2,Short,10/27/2025 00:00:00 -05:00,00:01:09.4975660,
1529018469,MNQZ5,10/27/2025 15:55:54 +01:00,10/27/2025 15:58:31 +01:00,25874.5,25859.75,1.48,-59.0,2,Long,10/27/2025 00:00:00 -05:00,00:02:36.8957280,
1535056680,MNQZ5,10/28/2025 15:00:17 +01:00,10/28/2025 15:02:45 +01:00,26072.25,26061.5,1.48,-43.0,2,Long,10/28/2025 00:00:00 -05:00,00:02:28.2845060,
1535109074,MNQZ5,10/28/2025 15:05:40 +01:00,10/28/2025 15:06:01 +01:00,26075.75,26055.75,1.48,-80.0,2,Long,10/28/2025 00:00:00 -05:00,00:00:20.9868110,
1535126177,MNQZ5,10/28/2025 15:06:31 +01:00,10/28/2025 15:06:57 +01:00,26068.75,26057.0,1.48,-47.0,2,Long,10/28/2025 00:00:00 -05:00,00:00:25.8919080,
1535366410,MNQZ5,10/28/2025 15:23:12 +01:00,10/28/2025 15:25:42 +01:00,26054.5,26060.25,1.48,-23.0,2,Short,10/28/2025 00:00:00 -05:00,00:02:29.4745580,
1535403347,MNQZ5,10/28/2025 15:26:37 +01:00,10/28/2025 15:27:21 +01:00,26052.0,26040.75,0.74,22.5,1,Short,10/28/2025 00:00:00 -05:00,00:00:44.0701580,
1535426553,MNQZ5,10/28/2025 15:26:37 +01:00,10/28/2025 15:28:13 +01:00,26052.0,26046.75,0.74,10.5,1,Short,10/28/2025 00:00:00 -05:00,00:01:35.8993260,
1535465811,MNQZ5,10/28/2025 15:29:21 +01:00,10/28/2025 15:30:45 +01:00,26044.25,26046.0,1.48,-7.0,2,Short,10/28/2025 00:00:00 -05:00,00:01:24.8733430,
1535500903,MNQZ5,10/28/2025 15:31:21 +01:00,10/28/2025 15:32:17 +01:00,26041.5,26028.0,0.74,27.0,1,Short,10/28/2025 00:00:00 -05:00,00:00:55.6880520,
1535552269,MNQZ5,10/28/2025 15:31:21 +01:00,10/28/2025 15:35:37 +01:00,26041.5,26041.25,0.74,0.5,1,Short,10/28/2025 00:00:00 -05:00,00:04:15.5233780,
1535610143,MNQZ5,10/28/2025 15:38:37 +01:00,10/28/2025 15:39:07 +01:00,26047.0,26034.5,1.48,-50.0,2,Long,10/28/2025 00:00:00 -05:00,00:00:29.8980580,
1535779975,MNQZ5,10/28/2025 15:39:08 +01:00,10/28/2025 15:47:49 +01:00,26037.0,26031.75,1.48,21.0,2,Short,10/28/2025 00:00:00 -05:00,00:08:41.4691580,
1535851994,MNQZ5,10/28/2025 15:50:07 +01:00,10/28/2025 15:51:24 +01:00,26034.25,26033.5,1.48,3.0,2,Short,10/28/2025 00:00:00 -05:00,00:01:17.3831740,
1535929329,MNQZ5,10/28/2025 15:55:25 +01:00,10/28/2025 15:58:43 +01:00,26045.0,26034.5,1.48,-42.0,2,Long,10/28/2025 00:00:00 -05:00,00:03:18.4521160,
1541455301,MNQZ5,10/29/2025 14:40:03 +01:00,10/29/2025 14:47:28 +01:00,26268.25,26287.25,1.48,-76.0,2,Short,10/29/2025 00:00:00 -05:00,00:07:25.3188980,
1541761338,MNQZ5,10/29/2025 14:55:26 +01:00,10/29/2025 15:03:06 +01:00,26298.25,26310.75,0.74,25.0,1,Long,10/29/2025 00:00:00 -05:00,00:07:39.7557250,
1541803317,MNQZ5,10/29/2025 14:55:26 +01:00,10/29/2025 15:04:22 +01:00,26298.25,26293.5,0.74,-9.5,1,Long,10/29/2025 00:00:00 -05:00,00:08:56.0374740,
1541965394,MNQZ5,10/29/2025 15:08:47 +01:00,10/29/2025 15:11:50 +01:00,26280.25,26283.75,1.48,14.0,2,Long,10/29/2025 00:00:00 -05:00,00:03:03.3057630,
1542041729,MNQZ5,10/29/2025 15:12:28 +01:00,10/29/2025 15:14:51 +01:00,26282.5,26284.25,0.74,3.5,1,Long,10/29/2025 00:00:00 -05:00,00:02:23.1880570,
1542023297,MNQZ5,10/29/2025 15:12:28 +01:00,10/29/2025 15:14:09 +01:00,26282.5,26296.75,0.74,28.5,1,Long,10/29/2025 00:00:00 -05:00,00:01:40.9143150,
1542105392,MNQZ5,10/29/2025 15:17:01 +01:00,10/29/2025 15:19:38 +01:00,26290.0,26286.5,1.48,14.0,2,Short,10/29/2025 00:00:00 -05:00,00:02:37.2633340,
1542167375,MNQZ5,10/29/2025 15:22:42 +01:00,10/29/2025 15:23:54 +01:00,26292.25,26291.25,1.48,4.0,2,Short,10/29/2025 00:00:00 -05:00,00:01:11.9949660,
1542192755,MNQZ5,10/29/2025 15:25:42 +01:00,10/29/2025 15:26:18 +01:00,26285.25,26283.5,1.48,7.0,2,Short,10/29/2025 00:00:00 -05:00,00:00:35.6261270,
1549080392,MNQZ5,10/30/2025 14:32:59 +01:00,10/30/2025 14:36:29 +01:00,26068.25,26006.25,0.74,124.0,1,Short,10/30/2025 00:00:00 -05:00,00:03:29.3292750,
1549108468,MNQZ5,10/30/2025 14:32:59 +01:00,10/30/2025 14:37:17 +01:00,26068.25,25979.0,0.74,178.5,1,Short,10/30/2025 00:00:00 -05:00,00:04:17.8728950,
1549576438,MNQZ5,10/30/2025 14:52:34 +01:00,10/30/2025 14:57:29 +01:00,26110.5,26119.5,0.74,18.0,1,Long,10/30/2025 00:00:00 -05:00,00:04:54.3971490,
1549787306,MNQZ5,10/30/2025 15:07:17 +01:00,10/30/2025 15:07:52 +01:00,26146.0,26126.0,1.48,-80.0,2,Long,10/30/2025 00:00:00 -05:00,00:00:35.1530780,
1549862537,MNQZ5,10/30/2025 15:10:34 +01:00,10/30/2025 15:11:27 +01:00,26072.75,26092.25,1.48,-78.0,2,Short,10/30/2025 00:00:00 -05:00,00:00:52.6119330,
1549909584,MNQZ5,10/30/2025 15:12:34 +01:00,10/30/2025 15:14:13 +01:00,26074.25,26094.0,1.48,-79.0,2,Short,10/30/2025 00:00:00 -05:00,00:01:38.8173890,
1549946622,MNQZ5,10/30/2025 15:15:21 +01:00,10/30/2025 15:16:05 +01:00,26094.0,26094.75,1.48,-3.0,2,Short,10/30/2025 00:00:00 -05:00,00:00:43.1183420,
1550166835,MNQZ5,10/30/2025 15:22:10 +01:00,10/30/2025 15:29:53 +01:00,26065.75,26022.0,0.74,87.5,1,Short,10/30/2025 00:00:00 -05:00,00:07:43.3411700,
1550083307,MNQZ5,10/30/2025 15:22:10 +01:00,10/30/2025 15:23:56 +01:00,26065.75,26022.75,0.74,86.0,1,Short,10/30/2025 00:00:00 -05:00,00:01:46.4379170,
1550620111,MNQZ5,10/30/2025 16:02:31 +01:00,10/30/2025 16:03:03 +01:00,26044.5,26041.75,1.48,-11.0,2,Long,10/30/2025 00:00:00 -05:00,00:00:31.6794310,
1550641669,MNQZ5,10/30/2025 16:03:52 +01:00,10/30/2025 16:05:38 +01:00,26050.0,26043.75,1.48,-25.0,2,Long,10/30/2025 00:00:00 -05:00,00:01:45.8459510,
1550728751,MNQZ5,10/30/2025 16:08:23 +01:00,10/30/2025 16:13:44 +01:00,26052.0,26055.75,1.48,15.0,2,Long,10/30/2025 00:00:00 -05:00,00:05:21.0776940,
1550746472,MNQZ5,10/30/2025 16:14:52 +01:00,10/30/2025 16:15:58 +01:00,26071.0,26051.5,1.48,-78.0,2,Long,10/30/2025 00:00:00 -05:00,00:01:05.1491270,
1550826961,MNQZ5,10/30/2025 16:18:34 +01:00,10/30/2025 16:26:41 +01:00,26063.25,26043.75,1.48,-78.0,2,Long,10/30/2025 00:00:00 -05:00,00:08:07.5469560,
1555810171,MNQZ5,10/31/2025 14:39:44 +01:00,10/31/2025 14:44:06 +01:00,26142.5,26105.75,0.74,73.5,1,Short,10/31/2025 00:00:00 -05:00,00:04:21.8144350,
1555784803,MNQZ5,10/31/2025 14:39:44 +01:00,10/31/2025 14:43:03 +01:00,26142.5,26112.5,0.74,60.0,1,Short,10/31/2025 00:00:00 -05:00,00:03:19.2854510,
1562687583,MNQZ5,11/03/2025 15:38:08 +01:00,11/03/2025 15:38:16 +01:00,26189.5,26196.0,1.48,-26.0,2,Short,11/03/2025 00:00:00 -06:00,00:00:08.2046630,
1562897650,MNQZ5,11/03/2025 15:41:07 +01:00,11/03/2025 15:47:47 +01:00,26174.25,26180.5,1.48,-25.0,2,Short,11/03/2025 00:00:00 -06:00,00:06:39.1786730,
1563310771,MNQZ5,11/03/2025 15:48:24 +01:00,11/03/2025 16:06:01 +01:00,26166.75,26091.25,0.74,151.0,1,Short,11/03/2025 00:00:00 -06:00,00:17:36.9971970,
1562984329,MNQZ5,11/03/2025 15:48:24 +01:00,11/03/2025 15:51:01 +01:00,26166.75,26129.5,0.74,74.5,1,Short,11/03/2025 00:00:00 -06:00,00:02:36.5696280,
1563634131,MNQZ5,11/03/2025 16:18:31 +01:00,11/03/2025 16:19:39 +01:00,26087.75,26107.75,1.48,-80.0,2,Short,11/03/2025 00:00:00 -06:00,00:01:07.6881770,
1563647875,MNQZ5,11/03/2025 16:19:41 +01:00,11/03/2025 16:20:16 +01:00,26112.0,26097.5,1.48,-58.0,2,Long,11/03/2025 00:00:00 -06:00,00:00:35.4601480,
1563952814,MNQZ5,11/03/2025 16:20:16 +01:00,11/03/2025 16:35:14 +01:00,26097.25,26037.75,0.74,119.0,1,Short,11/03/2025 00:00:00 -06:00,00:14:57.7164220,
1563741288,MNQZ5,11/03/2025 16:20:16 +01:00,11/03/2025 16:25:16 +01:00,26097.25,26075.75,0.74,43.0,1,Short,11/03/2025 00:00:00 -06:00,00:04:59.6214750,
1564157924,MNQZ5,11/03/2025 16:43:47 +01:00,11/03/2025 16:45:39 +01:00,26087.5,26090.25,0.74,5.5,1,Long,11/03/2025 00:00:00 -06:00,00:01:51.9623020,
1564293745,MNQZ5,11/03/2025 16:50:30 +01:00,11/03/2025 16:54:21 +01:00,26078.0,26080.5,0.74,5.0,1,Long,11/03/2025 00:00:00 -06:00,00:03:50.5609670,
1564328184,MNQZ5,11/03/2025 16:56:07 +01:00,11/03/2025 16:57:15 +01:00,26085.25,26086.0,1.48,3.0,2,Long,11/03/2025 00:00:00 -06:00,00:01:08.7504730,
1564368101,MNQZ5,11/03/2025 16:58:08 +01:00,11/03/2025 16:59:17 +01:00,26107.5,26100.75,1.48,-27.0,2,Long,11/03/2025 00:00:00 -06:00,00:01:09.1479730,
1570622658,MNQZ5,11/04/2025 15:34:08 +01:00,11/04/2025 15:34:32 +01:00,25670.5,25676.75,1.48,-25.0,2,Short,11/04/2025 00:00:00 -06:00,00:00:23.7325820,
1570699072,MNQZ5,11/04/2025 15:35:30 +01:00,11/04/2025 15:36:45 +01:00,25681.75,25701.25,1.48,-78.0,2,Short,11/04/2025 00:00:00 -06:00,00:01:14.5798070,
1570798451,MNQZ5,11/04/2025 15:39:05 +01:00,11/04/2025 15:40:03 +01:00,25701.25,25681.5,1.48,-79.0,2,Long,11/04/2025 00:00:00 -06:00,00:00:57.8425530,
1570849867,MNQZ5,11/04/2025 15:40:21 +01:00,11/04/2025 15:41:24 +01:00,25705.0,25743.5,0.74,77.0,1,Long,11/04/2025 00:00:00 -06:00,00:01:03.1810970,
1570948727,MNQZ5,11/04/2025 15:40:21 +01:00,11/04/2025 15:44:38 +01:00,25705.0,25781.5,0.74,153.0,1,Long,11/04/2025 00:00:00 -06:00,00:04:17.2126090,
1571287092,MNQZ5,11/04/2025 15:58:17 +01:00,11/04/2025 15:59:05 +01:00,25862.0,25859.0,1.48,-12.0,2,Long,11/04/2025 00:00:00 -06:00,00:00:48.0950330,
1571444206,MNQZ5,11/04/2025 16:07:25 +01:00,11/04/2025 16:08:41 +01:00,25869.25,25849.75,1.48,-78.0,2,Long,11/04/2025 00:00:00 -06:00,00:01:16.3991700,
1571502057,MNQZ5,11/04/2025 16:11:03 +01:00,11/04/2025 16:11:30 +01:00,25843.75,25834.25,1.48,-38.0,2,Long,11/04/2025 00:00:00 -06:00,00:00:26.2542410,
1571527242,MNQZ5,11/04/2025 16:11:36 +01:00,11/04/2025 16:13:05 +01:00,25830.5,25850.5,1.48,-80.0,2,Short,11/04/2025 00:00:00 -06:00,00:01:29.3726840,
1571550784,MNQZ5,11/04/2025 16:13:07 +01:00,11/04/2025 16:13:54 +01:00,25851.0,25852.5,1.48,6.0,2,Long,11/04/2025 00:00:00 -06:00,00:00:47.2316660,
1571643322,MNQZ5,11/04/2025 16:16:39 +01:00,11/04/2025 16:20:24 +01:00,25860.0,25865.0,1.48,20.0,2,Long,11/04/2025 00:00:00 -06:00,00:03:45.4861320,
1571875626,MNQZ5,11/04/2025 16:34:45 +01:00,11/04/2025 16:36:51 +01:00,25864.0,25851.75,1.48,-49.0,2,Long,11/04/2025 00:00:00 -06:00,00:02:06.1837490,
1571983369,MNQZ5,11/04/2025 16:37:12 +01:00,11/04/2025 16:45:11 +01:00,25860.75,25863.0,1.48,9.0,2,Long,11/04/2025 00:00:00 -06:00,00:07:58.6660240,
1572010617,MNQZ5,11/04/2025 16:46:49 +01:00,11/04/2025 16:47:10 +01:00,25864.0,25848.75,1.48,-61.0,2,Long,11/04/2025 00:00:00 -06:00,00:00:21.1905750,
1578366459,MNQZ5,11/05/2025 15:33:26 +01:00,11/05/2025 15:33:40 +01:00,25521.25,25541.0,1.48,-79.0,2,Short,11/05/2025 00:00:00 -06:00,00:00:14.4367520,
1578530553,MNQZ5,11/05/2025 15:34:29 +01:00,11/05/2025 15:38:28 +01:00,25530.0,25549.5,1.48,-78.0,2,Short,11/05/2025 00:00:00 -06:00,00:03:59.1919910,
1578880781,MNQZ5,11/05/2025 15:50:33 +01:00,11/05/2025 15:51:02 +01:00,25620.5,25622.0,1.48,6.0,2,Long,11/05/2025 00:00:00 -06:00,00:00:28.6363560,
1578893449,MNQZ5,11/05/2025 15:51:08 +01:00,11/05/2025 15:51:31 +01:00,25629.5,25627.5,1.48,-8.0,2,Long,11/05/2025 00:00:00 -06:00,00:00:23.4099850,
1579032936,MNQZ5,11/05/2025 15:56:54 +01:00,11/05/2025 15:58:04 +01:00,25677.25,25676.75,1.48,-2.0,2,Long,11/05/2025 00:00:00 -06:00,00:01:09.1859330,
1579167974,MNQZ5,11/05/2025 16:03:55 +01:00,11/05/2025 16:04:19 +01:00,25669.0,25663.75,1.48,-21.0,2,Long,11/05/2025 00:00:00 -06:00,00:00:24.5488820,
1579229456,MNQZ5,11/05/2025 16:05:21 +01:00,11/05/2025 16:06:34 +01:00,25664.25,25704.5,0.74,80.5,1,Long,11/05/2025 00:00:00 -06:00,00:01:13.0739330,
1579264109,MNQZ5,11/05/2025 16:05:21 +01:00,11/05/2025 16:07:48 +01:00,25664.25,25675.25,0.74,22.0,1,Long,11/05/2025 00:00:00 -06:00,00:02:26.6199810,
1579301267,MNQZ5,11/05/2025 16:09:43 +01:00,11/05/2025 16:10:04 +01:00,25679.0,25663.25,1.48,-63.0,2,Long,11/05/2025 00:00:00 -06:00,00:00:21.2076360,
1579349326,MNQZ5,11/05/2025 16:12:45 +01:00,11/05/2025 16:12:53 +01:00,25654.5,25666.75,1.48,-49.0,2,Short,11/05/2025 00:00:00 -06:00,00:00:07.8939430,
1579516224,MNQZ5,11/05/2025 16:22:17 +01:00,11/05/2025 16:22:21 +01:00,25636.0,25623.5,1.48,-50.0,2,Long,11/05/2025 00:00:00 -06:00,00:00:03.3820610,
1585725187,MNQZ5,11/06/2025 15:30:28 +01:00,11/06/2025 15:31:13 +01:00,25663.25,25649.5,1.48,55.0,2,Short,11/06/2025 00:00:00 -06:00,00:00:44.8891440,
1585871282,MNQZ5,11/06/2025 15:34:58 +01:00,11/06/2025 15:36:13 +01:00,25644.75,25628.0,1.48,67.0,2,Short,11/06/2025 00:00:00 -06:00,00:01:15.8091750,
1585907920,MNQZ5,11/06/2025 15:36:51 +01:00,11/06/2025 15:37:49 +01:00,25632.25,25642.75,1.48,-42.0,2,Short,11/06/2025 00:00:00 -06:00,00:00:57.5429990,
1585980923,MNQZ5,11/06/2025 15:39:55 +01:00,11/06/2025 15:40:29 +01:00,25647.25,25641.75,1.48,22.0,2,Short,11/06/2025 00:00:00 -06:00,00:00:34.2538920,
1586422855,MNQZ5,11/06/2025 15:52:31 +01:00,11/06/2025 15:53:16 +01:00,25562.5,25582.5,1.48,-80.0,2,Short,11/06/2025 00:00:00 -06:00,00:00:45.5679700,
1586475678,MNQZ5,11/06/2025 15:54:04 +01:00,11/06/2025 15:55:19 +01:00,25569.0,25560.75,1.48,33.0,2,Short,11/06/2025 00:00:00 -06:00,00:01:15.6403610,
1586484344,MNQZ5,11/06/2025 15:55:32 +01:00,11/06/2025 15:55:38 +01:00,25548.5,25560.5,1.48,-48.0,2,Short,11/06/2025 00:00:00 -06:00,00:00:05.7014730,
1586859448,MNQZ5,11/06/2025 16:01:19 +01:00,11/06/2025 16:09:12 +01:00,25475.5,25434.5,0.74,82.0,1,Short,11/06/2025 00:00:00 -06:00,00:07:52.8626730,
1586732414,MNQZ5,11/06/2025 16:01:19 +01:00,11/06/2025 16:04:02 +01:00,25475.5,25439.0,0.74,73.0,1,Short,11/06/2025 00:00:00 -06:00,00:02:43.1239630,
1586977106,MNQZ5,11/06/2025 16:12:06 +01:00,11/06/2025 16:14:29 +01:00,25467.75,25427.75,1.48,160.0,2,Short,11/06/2025 00:00:00 -06:00,00:02:23.1862730,
1594108603,MNQZ5,11/07/2025 15:39:10 +01:00,11/07/2025 15:40:17 +01:00,24942.5,24938.75,1.48,15.0,2,Short,11/07/2025 00:00:00 -06:00,00:01:06.0883340,
1594145091,MNQZ5,11/07/2025 15:41:21 +01:00,11/07/2025 15:41:45 +01:00,24942.5,24939.25,1.48,13.0,2,Short,11/07/2025 00:00:00 -06:00,00:00:24.4245890,
1594300006,MNQZ5,11/07/2025 15:46:34 +01:00,11/07/2025 15:47:28 +01:00,24971.5,24963.5,1.48,32.0,2,Short,11/07/2025 00:00:00 -06:00,00:00:53.5913080,
1594324743,MNQZ5,11/07/2025 15:47:42 +01:00,11/07/2025 15:48:29 +01:00,24945.5,24965.5,1.48,-80.0,2,Short,11/07/2025 00:00:00 -06:00,00:00:47.3263970,
1594365607,MNQZ5,11/07/2025 15:49:23 +01:00,11/07/2025 15:49:48 +01:00,24978.0,24943.0,1.48,140.0,2,Short,11/07/2025 00:00:00 -06:00,00:00:25.8281950,
1594428581,MNQZ5,11/07/2025 15:52:06 +01:00,11/07/2025 15:52:21 +01:00,24953.25,24973.0,1.48,-79.0,2,Short,11/07/2025 00:00:00 -06:00,00:00:15.0700670,
1594477886,MNQZ5,11/07/2025 15:53:44 +01:00,11/07/2025 15:54:02 +01:00,24977.5,24997.5,1.48,-80.0,2,Short,11/07/2025 00:00:00 -06:00,00:00:18.0151510,
1594725718,MNQZ5,11/07/2025 16:05:08 +01:00,11/07/2025 16:05:38 +01:00,24961.5,24941.75,1.48,-79.0,2,Long,11/07/2025 00:00:00 -06:00,00:00:30.0013620,
1594733488,MNQZ5,11/07/2025 16:05:40 +01:00,11/07/2025 16:05:55 +01:00,24938.25,24951.75,1.48,-54.0,2,Short,11/07/2025 00:00:00 -06:00,00:00:14.5954940,
1594733491,MNQZ5,11/07/2025 16:05:41 +01:00,11/07/2025 16:05:55 +01:00,24935.5,24951.75,1.48,-65.0,2,Short,11/07/2025 00:00:00 -06:00,00:00:13.5253990,
1616583768,MNQZ5,11/12/2025 15:34:56 +01:00,11/12/2025 15:35:37 +01:00,25677.5,25697.5,1.48,-80.0,2,Short,11/12/2025 00:00:00 -06:00,00:00:40.9538500,
1616629460,MNQZ5,11/12/2025 15:36:31 +01:00,11/12/2025 15:37:19 +01:00,25687.0,25686.75,1.48,1.0,2,Short,11/12/2025 00:00:00 -06:00,00:00:47.7009730,
1616891547,MNQZ5,11/12/2025 15:40:36 +01:00,11/12/2025 15:46:43 +01:00,25673.25,25632.25,0.74,82.0,1,Short,11/12/2025 00:00:00 -06:00,00:06:06.5062580,
1617304235,MNQZ5,11/12/2025 15:40:36 +01:00,11/12/2025 16:01:07 +01:00,25673.25,25617.25,0.74,112.0,1,Short,11/12/2025 00:00:00 -06:00,00:20:30.4781870,
1617712345,MNQZ5,11/12/2025 16:13:23 +01:00,11/12/2025 16:16:09 +01:00,25600.5,25597.75,1.48,11.0,2,Short,11/12/2025 00:00:00 -06:00,00:02:46.3579380,
1617804650,MNQZ5,11/12/2025 16:17:53 +01:00,11/12/2025 16:20:35 +01:00,25600.25,25594.0,1.48,25.0,2,Short,11/12/2025 00:00:00 -06:00,00:02:41.5329680,
1617861664,MNQZ5,11/12/2025 16:22:28 +01:00,11/12/2025 16:23:07 +01:00,25601.25,25604.5,1.48,-13.0,2,Short,11/12/2025 00:00:00 -06:00,00:00:38.8038640,
1618312745,MNQZ5,11/12/2025 16:46:17 +01:00,11/12/2025 16:48:08 +01:00,25586.0,25583.75,1.48,9.0,2,Short,11/12/2025 00:00:00 -06:00,00:01:51.4514850,
1618318381,MNQZ5,11/12/2025 16:48:22 +01:00,11/12/2025 16:48:34 +01:00,25574.0,25583.0,1.48,-36.0,2,Short,11/12/2025 00:00:00 -06:00,00:00:12.5283200,
1618357965,MNQZ5,11/12/2025 16:49:06 +01:00,11/12/2025 16:50:52 +01:00,25571.0,25572.5,1.48,-6.0,2,Short,11/12/2025 00:00:00 -06:00,00:01:46.7912920,
1620060490,MNQZ5,11/12/2025 19:37:56 +01:00,11/12/2025 19:44:16 +01:00,25616.25,25615.25,0.74,-2.0,1,Long,11/12/2025 00:00:00 -06:00,00:06:19.3288550,
1620040023,MNQZ5,11/12/2025 19:37:56 +01:00,11/12/2025 19:40:37 +01:00,25616.25,25629.0,0.74,25.5,1,Long,11/12/2025 00:00:00 -06:00,00:02:41.1458670,
1620097658,MNQZ5,11/12/2025 19:48:04 +01:00,11/12/2025 19:49:00 +01:00,25600.75,25603.25,1.48,10.0,2,Long,11/12/2025 00:00:00 -06:00,00:00:56.1209170,
1620134187,MNQZ5,11/12/2025 19:53:56 +01:00,11/12/2025 19:55:12 +01:00,25605.25,25612.25,1.48,-28.0,2,Short,11/12/2025 00:00:00 -06:00,00:01:16.1536180,
1624606498,MNQZ5,11/13/2025 15:30:28 +01:00,11/13/2025 15:31:18 +01:00,25477.75,25437.25,0.74,81.0,1,Short,11/13/2025 00:00:00 -06:00,00:00:49.6437540,
1624737606,MNQZ5,11/13/2025 15:30:28 +01:00,11/13/2025 15:35:24 +01:00,25477.75,25403.25,0.74,149.0,1,Short,11/13/2025 00:00:00 -06:00,00:04:56.1066280,
1624908152,MNQZ5,11/13/2025 15:39:30 +01:00,11/13/2025 15:40:47 +01:00,25370.25,25365.5,1.48,19.0,2,Short,11/13/2025 00:00:00 -06:00,00:01:17.6678390,
1625432017,MNQZ5,11/13/2025 16:00:20 +01:00,11/13/2025 16:01:02 +01:00,25404.5,25384.75,1.48,-79.0,2,Long,11/13/2025 00:00:00 -06:00,00:00:41.8661950,
1625764330,MNQZ5,11/13/2025 16:12:03 +01:00,11/13/2025 16:14:21 +01:00,25435.0,25475.0,1.48,160.0,2,Long,11/13/2025 00:00:00 -06:00,00:02:18.2933550,
1632954104,MNQZ5,11/14/2025 15:33:09 +01:00,11/14/2025 15:33:28 +01:00,24639.25,24639.5,1.48,-1.0,2,Short,11/14/2025 00:00:00 -06:00,00:00:19.5566000,
1632966072,MNQZ5,11/14/2025 15:33:50 +01:00,11/14/2025 15:34:01 +01:00,24629.5,24649.0,1.48,-78.0,2,Short,11/14/2025 00:00:00 -06:00,00:00:11.0777310,
1632995067,MNQZ5,11/14/2025 15:34:39 +01:00,11/14/2025 15:35:03 +01:00,24645.25,24665.5,1.48,-81.0,2,Short,11/14/2025 00:00:00 -06:00,00:00:24.1838720,
1633095963,MNQZ5,11/14/2025 15:37:07 +01:00,11/14/2025 15:37:35 +01:00,24785.5,24776.5,1.48,-36.0,2,Long,11/14/2025 00:00:00 -06:00,00:00:28.3114410,
1633166020,MNQZ5,11/14/2025 15:39:42 +01:00,11/14/2025 15:40:03 +01:00,24800.5,24781.0,1.48,-78.0,2,Long,11/14/2025 00:00:00 -06:00,00:00:20.8800950,
1633305776,MNQZ5,11/14/2025 15:45:11 +01:00,11/14/2025 15:45:44 +01:00,24831.75,24842.5,1.48,43.0,2,Long,11/14/2025 00:00:00 -06:00,00:00:33.2618660,
1633424100,MNQZ5,11/14/2025 15:50:12 +01:00,11/14/2025 15:50:33 +01:00,24899.25,24882.0,1.48,-69.0,2,Long,11/14/2025 00:00:00 -06:00,00:00:20.9520810,
1633651006,MNQZ5,11/14/2025 15:51:01 +01:00,11/14/2025 16:01:14 +01:00,24876.75,24911.0,0.74,68.5,1,Long,11/14/2025 00:00:00 -06:00,00:10:12.9684370,
1633494347,MNQZ5,11/14/2025 15:51:01 +01:00,11/14/2025 15:53:00 +01:00,24876.75,24930.5,0.74,107.5,1,Long,11/14/2025 00:00:00 -06:00,00:01:58.4003420,
1633681156,MNQZ5,11/14/2025 16:02:24 +01:00,11/14/2025 16:02:53 +01:00,24933.75,24918.25,1.48,-62.0,2,Long,11/14/2025 00:00:00 -06:00,00:00:28.5745350,
1633684519,MNQZ5,11/14/2025 16:02:58 +01:00,11/14/2025 16:03:07 +01:00,24927.25,24916.0,1.48,-45.0,2,Long,11/14/2025 00:00:00 -06:00,00:00:08.8909110,
1633720215,MNQZ5,11/14/2025 16:03:33 +01:00,11/14/2025 16:04:50 +01:00,24936.25,24911.25,1.48,-100.0,2,Long,11/14/2025 00:00:00 -06:00,00:01:17.1191870,
1633858807,MNQZ5,11/14/2025 16:10:24 +01:00,11/14/2025 16:10:58 +01:00,24952.5,24954.0,0.74,3.0,1,Long,11/14/2025 00:00:00 -06:00,00:00:34.4980670,
1633967952,MNQZ5,11/14/2025 16:14:54 +01:00,11/14/2025 16:16:02 +01:00,24893.25,24940.75,0.74,95.0,1,Long,11/14/2025 00:00:00 -06:00,00:01:07.8060030,
1634073442,MNQZ5,11/14/2025 16:21:23 +01:00,11/14/2025 16:21:35 +01:00,24919.75,24939.5,1.48,-79.0,2,Short,11/14/2025 00:00:00 -06:00,00:00:11.5224290,
1634087140,MNQZ5,11/14/2025 16:22:30 +01:00,11/14/2025 16:22:33 +01:00,24946.0,24955.0,0.74,-18.0,1,Short,11/14/2025 00:00:00 -06:00,00:00:03.2218840,
1634111264,MNQZ5,11/14/2025 16:23:22 +01:00,11/14/2025 16:23:52 +01:00,24930.5,24928.75,0.74,3.5,1,Short,11/14/2025 00:00:00 -06:00,00:00:30.0241770,
1634131948,MNQZ5,11/14/2025 16:25:13 +01:00,11/14/2025 16:25:20 +01:00,24914.0,24926.25,0.74,-24.5,1,Short,11/14/2025 00:00:00 -06:00,00:00:07.4753690,
1640494166,MNQZ5,11/17/2025 15:34:24 +01:00,11/17/2025 15:35:22 +01:00,25087.25,25091.5,1.48,17.0,2,Long,11/17/2025 00:00:00 -06:00,00:00:58.1291830,
1641098516,MNQZ5,11/17/2025 16:00:25 +01:00,11/17/2025 16:00:37 +01:00,25212.75,25192.75,1.48,-80.0,2,Long,11/17/2025 00:00:00 -06:00,00:00:11.9323550,
1641148675,MNQZ5,11/17/2025 16:00:39 +01:00,11/17/2025 16:02:52 +01:00,25193.25,25169.5,1.48,95.0,2,Short,11/17/2025 00:00:00 -06:00,00:02:12.9367370,
1641484879,MNQZ5,11/17/2025 16:15:05 +01:00,11/17/2025 16:16:45 +01:00,25138.0,25118.0,1.48,-80.0,2,Long,11/17/2025 00:00:00 -06:00,00:01:39.4567000,
1641593713,MNQZ5,11/17/2025 16:20:34 +01:00,11/17/2025 16:21:17 +01:00,25090.25,25076.75,1.48,-54.0,2,Long,11/17/2025 00:00:00 -06:00,00:00:43.2112610,
1641797098,MNQZ5,11/17/2025 16:26:02 +01:00,11/17/2025 16:32:46 +01:00,25084.25,25084.5,0.74,0.5,1,Long,11/17/2025 00:00:00 -06:00,00:06:43.8457700,
1641729586,MNQZ5,11/17/2025 16:26:02 +01:00,11/17/2025 16:29:05 +01:00,25084.25,25154.25,0.74,140.0,1,Long,11/17/2025 00:00:00 -06:00,00:03:02.8056890,
1641886241,MNQZ5,11/17/2025 16:34:54 +01:00,11/17/2025 16:38:13 +01:00,25085.25,25091.5,1.48,25.0,2,Long,11/17/2025 00:00:00 -06:00,00:03:19.4678590,
1641989796,MNQZ5,11/17/2025 16:43:26 +01:00,11/17/2025 16:45:21 +01:00,25102.25,25119.75,1.48,70.0,2,Long,11/17/2025 00:00:00 -06:00,00:01:54.9161380,
1649064871,MNQZ5,11/18/2025 15:36:05 +01:00,11/18/2025 15:36:08 +01:00,24752.25,24732.0,1.48,-81.0,2,Long,11/18/2025 00:00:00 -06:00,00:00:03.3521620,
1649344149,MNQZ5,11/18/2025 15:44:17 +01:00,11/18/2025 15:45:14 +01:00,24668.0,24665.5,1.48,10.0,2,Short,11/18/2025 00:00:00 -06:00,00:00:56.3206050,
1649618364,MNQZ5,11/18/2025 15:49:24 +01:00,11/18/2025 15:52:14 +01:00,24656.0,24578.75,0.74,154.5,1,Short,11/18/2025 00:00:00 -06:00,00:02:50.0025370,
1649832232,MNQZ5,11/18/2025 15:49:24 +01:00,11/18/2025 16:00:00 +01:00,24656.0,24513.5,0.74,285.0,1,Short,11/18/2025 00:00:00 -06:00,00:10:36.7257650,
1650084402,MNQZ5,11/18/2025 16:08:33 +01:00,11/18/2025 16:08:41 +01:00,24554.5,24536.0,0.74,-37.0,1,Long,11/18/2025 00:00:00 -06:00,00:00:07.9094860,
1650099012,MNQZ5,11/18/2025 16:08:54 +01:00,11/18/2025 16:09:41 +01:00,24553.0,24528.0,0.74,-50.0,1,Long,11/18/2025 00:00:00 -06:00,00:00:46.6222060,
1650465352,MNQZ5,11/18/2025 16:23:03 +01:00,11/18/2025 16:24:22 +01:00,24586.25,24561.75,1.48,-98.0,2,Long,11/18/2025 00:00:00 -06:00,00:01:19.0502880,
1650495206,MNQZ5,11/18/2025 16:25:14 +01:00,11/18/2025 16:25:31 +01:00,24567.25,24542.75,1.48,-98.0,2,Long,11/18/2025 00:00:00 -06:00,00:00:16.8604810,
1650555227,MNQZ5,11/18/2025 16:26:15 +01:00,11/18/2025 16:28:29 +01:00,24584.75,24560.0,1.48,-99.0,2,Long,11/18/2025 00:00:00 -06:00,00:02:13.6405960,
1650607005,MNQZ5,11/18/2025 16:30:59 +01:00,11/18/2025 16:31:30 +01:00,24574.75,24549.5,1.48,-101.0,2,Long,11/18/2025 00:00:00 -06:00,00:00:30.4791850,
1650645805,MNQZ5,11/18/2025 16:32:46 +01:00,11/18/2025 16:33:11 +01:00,24587.5,24577.5,1.48,-40.0,2,Long,11/18/2025 00:00:00 -06:00,00:00:25.5372710,
1650681992,MNQZ5,11/18/2025 16:34:49 +01:00,11/18/2025 16:35:07 +01:00,24524.0,24504.25,1.48,-79.0,2,Long,11/18/2025 00:00:00 -06:00,00:00:17.3758220,
1650712508,MNQZ5,11/18/2025 16:36:12 +01:00,11/18/2025 16:36:20 +01:00,24471.75,24483.75,1.48,-48.0,2,Short,11/18/2025 00:00:00 -06:00,00:00:08.3484530,
1650723832,MNQZ5,11/18/2025 16:36:37 +01:00,11/18/2025 16:37:04 +01:00,24469.0,24479.0,1.48,-40.0,2,Short,11/18/2025 00:00:00 -06:00,00:00:26.9859830,
1658454928,MNQZ5,11/19/2025 16:18:53 +01:00,11/19/2025 16:20:44 +01:00,24961.25,24941.25,1.48,-80.0,2,Long,11/19/2025 00:00:00 -06:00,00:01:51.7484780,
1658492950,MNQZ5,11/19/2025 16:21:27 +01:00,11/19/2025 16:22:23 +01:00,24971.75,24958.75,1.48,-52.0,2,Long,11/19/2025 00:00:00 -06:00,00:00:55.2320310,
1658556256,MNQZ5,11/19/2025 16:24:08 +01:00,11/19/2025 16:25:24 +01:00,24950.75,24952.5,1.48,7.0,2,Long,11/19/2025 00:00:00 -06:00,00:01:15.9390920,
1658863208,MNQZ5,11/19/2025 16:42:06 +01:00,11/19/2025 16:43:52 +01:00,24901.75,24909.75,1.48,-32.0,2,Short,11/19/2025 00:00:00 -06:00,00:01:45.3217280,
1658929056,MNQZ5,11/19/2025 16:45:08 +01:00,11/19/2025 16:47:42 +01:00,24905.25,24880.5,0.74,49.5,1,Short,11/19/2025 00:00:00 -06:00,00:02:33.7827320,
1659185406,MNQZ5,11/19/2025 16:45:08 +01:00,11/19/2025 17:00:23 +01:00,24905.25,24781.75,0.74,247.0,1,Short,11/19/2025 00:00:00 -06:00,00:15:14.1200630,
1665606522,MNQZ5,11/20/2025 15:32:21 +01:00,11/20/2025 15:34:07 +01:00,25186.75,25177.0,1.48,39.0,2,Short,11/20/2025 00:00:00 -06:00,00:01:46.2419510,
1665735765,MNQZ5,11/20/2025 15:38:39 +01:00,11/20/2025 15:38:51 +01:00,25190.25,25210.0,1.48,-79.0,2,Short,11/20/2025 00:00:00 -06:00,00:00:11.9426480,
1665791412,MNQZ5,11/20/2025 15:40:43 +01:00,11/20/2025 15:41:16 +01:00,25201.5,25202.0,1.48,-2.0,2,Short,11/20/2025 00:00:00 -06:00,00:00:32.8486280,
1665939347,MNQZ5,11/20/2025 15:44:50 +01:00,11/20/2025 15:45:56 +01:00,25204.0,25198.75,1.48,21.0,2,Short,11/20/2025 00:00:00 -06:00,00:01:06.0413640,
1666134853,MNQZ5,11/20/2025 15:51:04 +01:00,11/20/2025 15:52:14 +01:00,25241.25,25234.0,1.48,-29.0,2,Long,11/20/2025 00:00:00 -06:00,00:01:10.4087220,
1666428131,MNQZ5,11/20/2025 15:54:36 +01:00,11/20/2025 16:05:31 +01:00,25253.25,25228.25,0.74,-50.0,1,Long,11/20/2025 00:00:00 -06:00,00:10:54.9264230,
1666248967,MNQZ5,11/20/2025 15:54:36 +01:00,11/20/2025 15:57:15 +01:00,25253.25,25283.0,0.74,59.5,1,Long,11/20/2025 00:00:00 -06:00,00:02:38.2790920,
1666724773,MNQZ5,11/20/2025 16:15:24 +01:00,11/20/2025 16:17:36 +01:00,25176.25,25195.75,1.48,-78.0,2,Short,11/20/2025 00:00:00 -06:00,00:02:12.1371500,
1666962785,MNQZ5,11/20/2025 16:25:03 +01:00,11/20/2025 16:29:00 +01:00,25240.5,25260.25,1.48,-79.0,2,Short,11/20/2025 00:00:00 -06:00,00:03:57.0622080,
1669087205,MNQZ5,11/20/2025 18:40:17 +01:00,11/20/2025 18:40:17 +01:00,24418.25,24420.75,1.48,-10.0,2,Short,11/20/2025 00:00:00 -06:00,00:00:00.4946730,
1674638427,MNQZ5,11/21/2025 15:42:28 +01:00,11/21/2025 15:43:32 +01:00,24216.0,24201.25,1.48,59.0,2,Short,11/21/2025 00:00:00 -06:00,00:01:04.5804770,
1675786719,MNQZ5,11/21/2025 16:31:08 +01:00,11/21/2025 16:31:59 +01:00,24041.75,24059.75,1.48,-72.0,2,Short,11/21/2025 00:00:00 -06:00,00:00:51.2251550,
1675799620,MNQZ5,11/21/2025 16:32:40 +01:00,11/21/2025 16:32:43 +01:00,24085.0,24060.5,1.48,-98.0,2,Long,11/21/2025 00:00:00 -06:00,00:00:03.0978090,
1675842844,MNQZ5,11/21/2025 16:32:54 +01:00,11/21/2025 16:35:11 +01:00,24059.25,24003.0,0.74,112.5,1,Short,11/21/2025 00:00:00 -06:00,00:02:16.6144680,
1675973365,MNQZ5,11/21/2025 16:32:54 +01:00,11/21/2025 16:41:23 +01:00,24059.25,23984.25,0.74,150.0,1,Short,11/21/2025 00:00:00 -06:00,00:08:28.7701340,
1676170926,MNQZ5,11/21/2025 16:51:51 +01:00,11/21/2025 16:52:12 +01:00,24053.25,24028.25,1.48,-100.0,2,Long,11/21/2025 00:00:00 -06:00,00:00:21.1319220,
1676218456,MNQZ5,11/21/2025 16:54:02 +01:00,11/21/2025 16:55:02 +01:00,24058.0,24061.75,1.48,15.0,2,Long,11/21/2025 00:00:00 -06:00,00:01:00.2423750,
1676251568,MNQZ5,11/21/2025 16:56:28 +01:00,11/21/2025 16:57:29 +01:00,24066.75,24070.25,1.48,14.0,2,Long,11/21/2025 00:00:00 -06:00,00:01:01.2025360,
1676414917,MNQZ5,11/21/2025 17:09:40 +01:00,11/21/2025 17:09:51 +01:00,24009.5,24029.25,1.48,-79.0,2,Short,11/21/2025 00:00:00 -06:00,00:00:10.4961530,
1676463776,MNQZ5,11/21/2025 17:13:15 +01:00,11/21/2025 17:13:38 +01:00,24073.25,24069.5,1.48,-15.0,2,Long,11/21/2025 00:00:00 -06:00,00:00:22.5437530,
1682167489,MNQZ5,11/24/2025 15:36:37 +01:00,11/24/2025 15:37:29 +01:00,24704.25,24684.5,1.48,-79.0,2,Long,11/24/2025 00:00:00 -06:00,00:00:51.9391650,
1682295148,MNQZ5,11/24/2025 15:41:12 +01:00,11/24/2025 15:41:36 +01:00,24648.75,24640.0,1.48,-35.0,2,Long,11/24/2025 00:00:00 -06:00,00:00:23.9805870,
1682344680,MNQZ5,11/24/2025 15:42:04 +01:00,11/24/2025 15:43:05 +01:00,24677.0,24670.5,1.48,-26.0,2,Long,11/24/2025 00:00:00 -06:00,00:01:00.6726080,
1682609739,MNQZ5,11/24/2025 15:51:33 +01:00,11/24/2025 15:51:53 +01:00,24592.25,24612.25,1.48,-80.0,2,Short,11/24/2025 00:00:00 -06:00,00:00:20.4810310,
1683015365,MNQZ5,11/24/2025 16:09:03 +01:00,11/24/2025 16:09:25 +01:00,24728.25,24708.5,1.48,-79.0,2,Long,11/24/2025 00:00:00 -06:00,00:00:22.5032340,
1710430243,MNQZ5,12/01/2025 16:00:57 +01:00,12/01/2025 16:02:44 +01:00,25370.75,25351.25,1.48,-78.0,2,Long,12/01/2025 00:00:00 -06:00,00:01:47.8471770,
1717971268,MNQZ5,12/02/2025 15:34:41 +01:00,12/02/2025 15:36:30 +01:00,25517.25,25577.25,0.74,120.0,1,Long,12/02/2025 00:00:00 -06:00,00:01:48.9569960,
1718167855,MNQZ5,12/02/2025 15:34:41 +01:00,12/02/2025 15:42:21 +01:00,25517.25,25581.5,0.74,128.5,1,Long,12/02/2025 00:00:00 -06:00,00:07:39.8020450,
1727384030,MNQZ5,12/03/2025 16:02:03 +01:00,12/03/2025 16:02:52 +01:00,25524.75,25549.25,0.74,49.0,1,Long,12/03/2025 00:00:00 -06:00,00:00:49.1092640,
1727566923,MNQZ5,12/03/2025 16:02:03 +01:00,12/03/2025 16:09:59 +01:00,25524.75,25518.25,0.74,-13.0,1,Long,12/03/2025 00:00:00 -06:00,00:07:55.7957840,
1734789048,MNQZ5,12/04/2025 15:36:14 +01:00,12/04/2025 15:36:25 +01:00,25606.75,25626.75,1.48,-80.0,2,Short,12/04/2025 00:00:00 -06:00,00:00:10.4966370,
1734852500,MNQZ5,12/04/2025 15:37:24 +01:00,12/04/2025 15:37:54 +01:00,25609.25,25615.0,1.48,-23.0,2,Short,12/04/2025 00:00:00 -06:00,00:00:29.7111040,
1734883551,MNQZ5,12/04/2025 15:38:17 +01:00,12/04/2025 15:38:59 +01:00,25598.25,25618.25,1.48,-80.0,2,Short,12/04/2025 00:00:00 -06:00,00:00:41.4965500,
1735082733,MNQZ5,12/04/2025 15:44:53 +01:00,12/04/2025 15:45:06 +01:00,25590.75,25606.25,1.48,-62.0,2,Short,12/04/2025 00:00:00 -06:00,00:00:12.9897540,
1750211599,MNQZ5,12/08/2025 15:32:33 +01:00,12/08/2025 15:34:02 +01:00,25846.0,25826.0,1.48,-80.0,2,Long,12/08/2025 00:00:00 -06:00,00:01:29.0077760,
1750836675,MNQZ5,12/08/2025 15:51:45 +01:00,12/08/2025 15:52:12 +01:00,25753.75,25764.0,1.48,-41.0,2,Short,12/08/2025 00:00:00 -06:00,00:00:27.5144540,
1750860627,MNQZ5,12/08/2025 15:52:33 +01:00,12/08/2025 15:53:00 +01:00,25749.0,25769.0,1.48,-80.0,2,Short,12/08/2025 00:00:00 -06:00,00:00:27.6808530,
1750891204,MNQZ5,12/08/2025 15:53:46 +01:00,12/08/2025 15:54:52 +01:00,25759.75,25771.25,1.48,-46.0,2,Short,12/08/2025 00:00:00 -06:00,00:01:06.0156640,
1810939288,MNQH6,12/18/2025 16:31:17 +01:00,12/18/2025 16:31:52 +01:00,25341.75,25339.75,1.48,-8.0,2,Long,12/18/2025 00:00:00 -06:00,00:00:35.3388850,
1810973629,MNQH6,12/18/2025 16:32:05 +01:00,12/18/2025 16:34:05 +01:00,25343.75,25353.25,1.48,38.0,2,Long,12/18/2025 00:00:00 -06:00,00:02:00.0023750,
1838977682,MNQZ5,12/19/2025 09:45:40 +01:00,12/19/2025 09:47:00 +01:00,25169.75,25162.0,1.48,-30.5,2,Long,12/19/2025 00:00:00 -06:00,0:01:20.38410050,
1891327208,MNQH6,12/20/2025 09:18:14 +01:00,12/20/2025 09:25:28 +01:00,25162.0,25159.75,1.48,9.0,2,Short,12/20/2025 00:00:00 -06:00,0:07:14.40819830,
1815032056,MNQZ5,12/20/2025 10:15:08 +01:00,12/20/2025 10:23:32 +01:00,24861.5,24877.0,1.48,62.0,2,Long,12/20/2025 00:00:00 -06:00,0:08:24.19191360,
1811450480,MNQH6,12/20/2025 10:47:59 +01:00,12/20/2025 10:53:59 +01:00,24369.75,24382.0,1.48,48.5,2,Long,12/20/2025 00:00:00 -06:00,0:06:00.69074000,
1844334070,MNQZ5,12/20/2025 12:15:14 +01:00,12/20/2025 12:17:56 +01:00,26186.75,26172.0,1.48,-59.5,2,Long,12/20/2025 00:00:00 -06:00,0:02:42.17195830,
1824883512,MNQH6,12/21/2025 08:05:13 +01:00,12/21/2025 08:09:31 +01:00,24133.5,24136.5,1.48,12.0,2,Long,12/21/2025 00:00:00 -06:00,0:04:18.84784540,
1867171337,MNQH6,12/21/2025 09:38:27 +01:00,12/21/2025 09:44:40 +01:00,25828.0,25832.0,1.48,-16.0,2,Short,12/21/2025 00:00:00 -06:00,0:06:13.52626320,
1889950691,MNQH6,12/21/2025 13:13:43 +01:00,12/21/2025 13:18:18 +01:00,25793.75,25792.0,1.48,7.5,2,Short,12/21/2025 00:00:00 -06:00,0:04:35.17245900,
1815025228,MNQZ5,12/22/2025 09:09:40 +01:00,12/22/2025 09:12:43 +01:00,24748.25,24757.0,0.74,17.5,1,Long,12/22/2025 00:00:00 -06:00,0:03:03.70826680,
1894918963,MNQH6,12/22/2025 10:24:00 +01:00,12/22/2025 10:30:59 +01:00,24743.25,24756.0,1.48,-51.0,2,Short,12/22/2025 00:00:00 -06:00,0:06:59.44493680,
1897850835,MNQH6,12/22/2025 11:53:26 +01:00,12/22/2025 12:00:24 +01:00,25187.5,25196.75,0.74,18.5,1,Long,12/22/2025 00:00:00 -06:00,0:06:58.97992260,
1890437750,MNQZ5,12/22/2025 14:46:21 +01:00,12/22/2025 14:48:32 +01:00,25240.5,25235.5,1.48,-19.5,2,Long,12/22/2025 00:00:00 -06:00,0:02:11.41717610,
1855738433,MNQZ5,12/22/2025 15:32:58 +01:00,12/22/2025 15:42:21 +01:00,24118.5,24112.0,0.74,-13.0,1,Long,12/22/2025 00:00:00 -06:00,0:09:23.26412820,
1890005672,MNQZ5,12/22/2025 16:18:44 +01:00,12/22/2025 16:21:13 +01:00,24807.0,24828.25,0.74,42.5,1,Long,12/22/2025 00:00:00 -06:00,0:02:29.82355770,
1883803314,MNQZ5,12/23/2025 15:51:55 +01:00,12/23/2025 16:01:38 +01:00,25979.75,25945.5,0.74,-68.5,1,Long,12/23/2025 00:00:00 -06:00,0:09:43.16426350,
1830767595,MNQZ5,12/24/2025 11:10:26 +01:00,12/24/2025 11:19:03 +01:00,24275.75,24279.0,0.74,6.5,1,Long,12/24/2025 00:00:00 -06:00,0:08:37.80758540,
1849443106,MNQZ5,12/24/2025 14:06:22 +01:00,12/24/2025 14:12:34 +01:00,24669.75,24663.5,1.48,-25.5,2,Long,12/24/2025 00:00:00 -06:00,0:06:12.44379230,
1865443146,MNQZ5,12/24/2025 14:08:55 +01:00,12/24/2025 14:17:07 +01:00,24965.0,24984.75,0.74,39.5,1,Long,12/24/2025 00:00:00 -06:00,0:08:12.30489070,
1888559992,MNQZ5,12/25/2025 14:22:27 +01:00,12/25/2025 14:29:47 +01:00,25848.5,25862.0,0.74,27.0,1,Long,12/25/2025 00:00:00 -06:00,0:07:20.78353730,
1819286146,MNQZ5,12/26/2025 09:56:44 +01:00,12/26/2025 09:59:36 +01:00,26063.5,26044.5,1.48,-76.0,2,Long,12/26/2025 00:00:00 -06:00,0:02:52.91534860,
1820602337,MNQH6,12/26/2025 11:14:04 +01:00,12/26/2025 11:20:10 +01:00,24072.25,24070.5,1.48,-7.0,2,Long,12/26/2025 00:00:00 -06:00,0:06:06.03528960,
1867233511,MNQH6,12/26/2025 16:48:44 +01:00,12/26/2025 16:52:13 +01:00,25031.5,25045.5,0.74,28.0,1,Long,12/26/2025 00:00:00 -06:00,0:03:29.32135240,
1841081568,MNQH6,12/27/2025 15:42:33 +01:00,12/27/2025 15:52:25 +01:00,24863.75,24862.5,0.74,2.5,1,Short,12/27/2025 00:00:00 -06:00,0:09:52.99900320,
1842903449,MNQZ5,12/28/2025 13:48:10 +01:00,12/28/2025 13:57:42 +01:00,24266.5,24246.5,1.48,-79.5,2,Long,12/28/2025 00:00:00 -06:00,0:09:32.88978580,
1830959968,MNQH6,12/29/2025 09:24:55 +01:00,12/29/2025 09:25:54 +01:00,25638.0,25653.5,0.74,31.0,1,Long,12/29/2025 00:00:00 -06:00,0:00:59.78968680,
1827323001,MNQZ5,12/29/2025 14:21:17 +01:00,12/29/2025 14:24:16 +01:00,24699.75,24707.5,1.48,-30.5,2,Short,12/29/2025 00:00:00 -06:00,0:02:59.36123650,
1859881173,MNQH6,12/29/2025 15:58:08 +01:00,12/29/2025 16:07:34 +01:00,25643.5,25639.75,1.48,15.0,2,Short,12/29/2025 00:00:00 -06:00,0:09:26.04524210,
1891835663,MNQZ5,12/30/2025 09:38:04 +01:00,12/30/2025 09:42:24 +01:00,24551.0,24554.25,0.74,6.5,1,Long,12/30/2025 00:00:00 -06:00,0:04:20.67742290,
1882048270,MNQZ5,12/30/2025 16:29:03 +01:00,12/30/2025 16:38:53 +01:00,25495.0,25497.0,1.48,7.5,2,Long,12/30/2025 00:00:00 -06:00,0:09:50.41808530,
1839388831,MNQH6,12/30/2025 16:41:17 +01:00,12/30/2025 16:50:48 +01:00,25943.25,25941.75,0.74,3.0,1,Short,12/30/2025 00:00:00 -06:00,0:09:31.81117420,
1897032278,MNQZ5,12/31/2025 14:42:24 +01:00,12/31/2025 14:45:42 +01:00,26216.25,26208.0,1.48,33.0,2,Short,12/31/2025 00:00:00 -06:00,0:03:18.95480010,
1855255117,MNQH6,01/01/2026 08:37:47 +01:00,01/01/2026 08:47:22 +01:00,24692.0,24691.75,0.74,0.5,1,Short,01/01/2026 00:00:00 -06:00,0:09:35.10226980,
1815599673,MNQZ5,01/01/2026 09:26:26 +01:00,01/01/2026 09:32:24 +01:00,25222.0,25206.0,1.48,64.0,2,Short,01/01/2026 00:00:00 -06:00,0:05:58.91035040,
1832149741,MNQH6,01/01/2026 13:15:16 +01:00,01/01/2026 13:22:21 +01:00,25675.0,25658.5,0.74,33.0,1,Short,01/01/2026 00:00:00 -06:00,0:07:05.21957730,
1814060578,MNQZ5,01/02/2026 08:51:20 +01:00,01/02/2026 08:58:30 +01:00,26091.5,26074.75,0.74,-33.5,1,Long,01/02/2026 00:00:00 -06:00,0:07:10.44919460,
1826176647,MNQZ5,01/02/2026 09:24:17 +01:00,01/02/2026 09:32:21 +01:00,24149.5,24142.0,1.48,-30.0,2,Long,01/02/2026 00:00:00 -06:00,0:08:04.61208680,
1826414966,MNQH6,01/02/2026 09:49:41 +01:00,01/02/2026 09:50:42 +01:00,24997.75,25016.0,0.74,36.5,1,Long,01/02/2026 00:00:00 -06:00,0:01:01.05205960,
1876928406,MNQH6,01/02/2026 11:09:01 +01:00,01/02/2026 11:10:08 +01:00,25603.25,25603.5,1.48,-1.5,2,Short,01/02/2026 00:00:00 -06:00,0:01:07.41077760,
1826423194,MNQH6,01/02/2026 12:27:31 +01:00,01/02/2026 12:28:20 +01:00,24359.75,24340.0,0.74,39.5,1,Short,01/02/2026 00:00:00 -06:00,0:00:49.65239410,
1875934949,MNQZ5,01/03/2026 09:05:46 +01:00,01/03/2026 09:14:23 +01:00,25466.5,25452.5,1.48,-56.0,2,Long,01/03/2026 00:00:00 -06:00,0:08:37.11611930,
1892278409,MNQH6,01/03/2026 10:41:44 +01:00,01/03/2026 10:42:09 +01:00,25176.0,25173.75,1.48,9.0,2,Short,01/03/2026 00:00:00 -06:00,0:00:25.17882380,
1889095009,MNQH6,01/03/2026 15:36:39 +01:00,01/03/2026 15:43:27 +01:00,25690.75,25708.0,1.48,68.5,2,Long,01/03/2026 00:00:00 -06:00,0:06:48.56437980,
1893297732,MNQH6,01/04/2026 08:05:40 +01:00,01/04/2026 08:13:13 +01:00,26018.0,26030.0,0.74,24.0,1,Long,01/04/2026 00:00:00 -06:00,0:07:33.46419230,
1897293031,MNQZ5,01/04/2026 10:15:47 +01:00,01/04/2026 10:25:41 +01:00,25782.75,25781.0,1.48,7.0,2,Short,01/04/2026 00:00:00 -06:00,0:09:54.90425380,
1855779127,MNQH6,01/04/2026 13:10:38 +01:00,01/04/2026 13:12:55 +01:00,25970.0,25973.5,1.48,-14.0,2,Short,01/04/2026 00:00:00 -06:00,0:02:17.27475340,
1875881637,MNQZ5,01/04/2026 16:48:11 +01:00,01/04/2026 16:57:10 +01:00,25774.0,25764.0,0.74,20.0,1,Short,01/04/2026 00:00:00 -06:00,0:08:59.17852770,
1823239364,MNQZ5,01/05/2026 12:38:13 +01:00,01/05/2026 12:44:24 +01:00,24784.5,24787.5,0.74,-6.0,1,Short,01/05/2026 00:00:00 -06:00,0:06:11.34157960,
1884211449,MNQZ5,01/05/2026 15:04:45 +01:00,01/05/2026 15:09:57 +01:00,24828.5,24810.0,0.74,37.0,1,Short,01/05/2026 00:00:00 -06:00,0:05:12.39341490,
1877961333,MNQH6,01/05/2026 16:38:18 +01:00,01/05/2026 16:40:20 +01:00,25820.75,25836.75,1.48,-64.0,2,Short,01/05/2026 00:00:00 -06:00,0:02:02.32567520,
1812476316,MNQH6,01/06/2026 10:28:53 +01:00,01/06/2026 10:38:29 +01:00,25177.75,25187.75,0.74,20.0,1,Long,01/06/2026 00:00:00 -06:00,0:09:36.50753950,
1861735444,MNQZ5,01/06/2026 16:42:40 +01:00,01/06/2026 16:48:43 +01:00,24223.5,24235.75,1.48,49.0,2,Long,01/06/2026 00:00:00 -06:00,0:06:03.15667770,
1858683946,MNQH6,01/08/2026 09:00:29 +01:00,01/08/2026 09:10:25 +01:00,24207.75,24224.0,1.48,65.5,2,Long,01/08/2026 00:00:00 -06:00,0:09:56.16774070,
1836101076,MNQH6,01/08/2026 10:31:13 +01:00,01/08/2026 10:37:36 +01:00,24408.0,24431.5,1.48,-93.5,2,Short,01/08/2026 00:00:00 -06:00,0:06:23.43344340,
1830208071,MNQH6,01/08/2026 16:05:08 +01:00,01/08/2026 16:08:02 +01:00,25432.75,25432.25,0.74,1.0,1,Short,01/08/2026 00:00:00 -06:00,0:02:54.38799230,
1878244051,MNQZ5,01/09/2026 09:32:15 +01:00,01/09/2026 09:37:20 +01:00,24526.25,24506.5,0.74,-39.5,1,Long,01/09/2026 00:00:00 -06:00,0:05:05.81439030,
1860412872,MNQZ5,01/09/2026 10:40:16 +01:00,01/09/2026 10:43:21 +01:00,25218.25,25212.75,0.74,11.0,1,Short,01/09/2026 00:00:00 -06:00,0:03:05.74127690,
1896941250,MNQH6,01/10/2026 11:42:17 +01:00,01/10/2026 11:43:50 +01:00,25859.25,25862.0,0.74,5.5,1,Long,01/10/2026 00:00:00 -06:00,0:01:33.28712300,
1819117343,MNQZ5,01/11/2026 10:19:00 +01:00,01/11/2026 10:28:26 +01:00,25137.25,25164.5,0.74,-54.5,1,Short,01/11/2026 00:00:00 -06:00,0:09:26.21237090,
1862344445,MNQZ5,01/12/2026 11:16:02 +01:00,01/12/2026 11:23:48 +01:00,25132.75,25119.75,0.74,-26.0,1,Long,01/12/2026 00:00:00 -06:00,0:07:46.00283740,
1842681568,MNQH6,01/12/2026 13:13:29 +01:00,01/12/2026 13:19:23 +01:00,25743.0,25747.0,0.74,-8.0,1,Short,01/12/2026 00:00:00 -06:00,0:05:54.56623190,
1842751046,MNQH6,01/12/2026 15:33:16 +01:00,01/12/2026 15:43:02 +01:00,24646.25,24638.5,1.48,-31.0,2,Long,01/12/2026 00:00:00 -06:00,0:09:46.01926190,
1861579465,MNQZ5,01/13/2026 13:17:55 +01:00,01/13/2026 13:19:26 +01:00,24215.5,24204.75,0.74,21.5,1,Short,01/13/2026 00:00:00 -06:00,0:01:31.46829400,
1819707240,MNQH6,01/14/2026 12:53:05 +01:00,01/14/2026 13:01:26 +01:00,25130.75,25153.0,1.48,89.5,2,Long,01/14/2026 00:00:00 -06:00,0:08:21.03251970,
1828425410,MNQZ5,01/14/2026 15:06:27 +01:00,01/14/2026 15:12:57 +01:00,24159.5,24152.5,0.74,-14.0,1,Long,01/14/2026 00:00:00 -06:00,0:06:30.77131460,
1887398734,MNQZ5,01/14/2026 15:35:48 +01:00,01/14/2026 15:40:14 +01:00,24986.75,24993.0,1.48,-24.5,2,Short,01/14/2026 00:00:00 -06:00,0:04:26.79875160,
1813164121,MNQH6,01/15/2026 09:42:58 +01:00,01/15/2026 09:48:56 +01:00,25484.5,25495.75,0.74,22.5,1,Long,01/15/2026 00:00:00 -06:00,0:05:58.52666300,
1897488605,MNQH6,01/15/2026 16:42:45 +01:00,01/15/2026 16:51:23 +01:00,26213.75,26230.25,0.74,33.0,1,Long,01/15/2026 00:00:00 -06:00,0:08:38.25970590,
1863584160,MNQH6,01/16/2026 12:48:15 +01:00,01/16/2026 12:53:18 +01:00,24070.25,24066.75,0.74,7.0,1,Short,01/16/2026 00:00:00 -06:00,0:05:03.87459590,
1860555312,MNQH6,01/16/2026 15:43:13 +01:00,01/16/2026 15:52:16 +01:00,26153.25,26146.0,1.48,-29.5,2,Long,01/16/2026 00:00:00 -06:00,0:09:03.79387460,
1895555515,MNQH6,01/17/2026 12:19:16 +01:00,01/17/2026 12:23:32 +01:00,26186.5,26178.0,1.48,-34.5,2,Long,01/17/2026 00:00:00 -06:00,0:04:16.20242690,
1839960573,MNQZ5,01/17/2026 13:19:52 +01:00,01/17/2026 13:24:05 +01:00,25717.0,25721.25,1.48,17.0,2,Long,01/17/2026 00:00:00 -06:00,0:04:13.37400360,
1850173571,MNQZ5,01/17/2026 14:17:59 +01:00,01/17/2026 14:27:49 +01:00,24280.75,24289.75,1.48,-36.0,2,Short,01/17/2026 00:00:00 -06:00,0:09:50.36845310,
1842994712,MNQZ5,01/17/2026 14:56:40 +01:00,01/17/2026 15:00:19 +01:00,24675.25,24672.5,1.48,11.0,2,Short,01/17/2026 00:00:00 -06:00,0:03:39.64420890,
1881771571,MNQH6,01/18/2026 08:22:19 +01:00,01/18/2026 08:29:18 +01:00,24623.0,24612.5,1.48,-42.5,2,Long,01/18/2026 00:00:00 -06:00,0:06:59.70300100,
1839484414,MNQH6,01/18/2026 16:33:22 +01:00,01/18/2026 16:40:57 +01:00,26059.75,26064.25,0.74,-9.0,1,Short,01/18/2026 00:00:00 -06:00,0:07:35.92339860,
1816656693,MNQH6,01/19/2026 08:07:59 +01:00,01/19/2026 08:14:30 +01:00,24715.25,24728.0,0.74,25.5,1,Long,01/19/2026 00:00:00 -06:00,0:06:31.51592300,
1839549425,MNQZ5,01/20/2026 12:08:59 +01:00,01/20/2026 12:15:16 +01:00,24429.0,24449.25,0.74,40.5,1,Long,01/20/2026 00:00:00 -06:00,0:06:17.11541260,
1894700814,MNQH6,01/20/2026 12:42:26 +01:00,01/20/2026 12:48:20 +01:00,26194.0,26196.5,1.48,-10.0,2,Short,01/20/2026 00:00:00 -06:00,0:05:54.67511580,
1843606204,MNQH6,01/22/2026 09:59:24 +01:00,01/22/2026 10:01:04 +01:00,25049.0,25059.25,1.48,-41.0,2,Short,01/22/2026 00:00:00 -06:00,0:01:40.92617040,
1879616079,MNQZ5,01/22/2026 11:45:19 +01:00,01/22/2026 11:52:27 +01:00,25135.75,25141.75,1.48,-24.0,2,Short,01/22/2026 00:00:00 -06:00,0:07:08.62649560,
1845363134,MNQH6,01/22/2026 14:42:23 +01:00,01/22/2026 14:43:53 +01:00,26210.75,26211.0,1.48,-0.5,2,Short,01/22/2026 00:00:00 -06:00,0:01:30.84886130,
1820794621,MNQZ5,01/22/2026 15:08:27 +01:00,01/22/2026 15:11:54 +01:00,24524.25,24517.0,1.48,29.5,2,Short,01/22/2026 00:00:00 -06:00,0:03:27.46732120,
1837205951,MNQH6,01/23/2026 08:19:18 +01:00,01/23/2026 08:23:13 +01:00,24885.75,24898.5,1.48,-50.5,2,Short,01/23/2026 00:00:00 -06:00,0:03:55.72123260,
1828770966,MNQH6,01/24/2026 11:45:04 +01:00,01/24/2026 11:46:10 +01:00,25182.75,25182.25,1.48,2.0,2,Short,01/24/2026 00:00:00 -06:00,0:01:06.38234980,
1857286053,MNQZ5,01/24/2026 13:13:41 +01:00,01/24/2026 13:22:32 +01:00,25257.5,25244.75,0.74,25.5,1,Short,01/24/2026 00:00:00 -06:00,0:08:51.66376010,
1836787879,MNQZ5,01/24/2026 15:15:50 +01:00,01/24/2026 15:24:14 +01:00,24370.75,24376.0,1.48,21.0,2,Long,01/24/2026 00:00:00 -06:00,0:08:24.68293320,
1832542919,MNQZ5,01/25/2026 08:39:05 +01:00,01/25/2026 08:46:34 +01:00,25546.0,25547.0,1.48,-4.5,2,Short,01/25/2026 00:00:00 -06:00,0:07:29.97923960,
1863134026,MNQZ5,01/25/2026 08:59:19 +01:00,01/25/2026 09:06:03 +01:00,26162.5,26162.25,1.48,-1.0,2,Long,01/25/2026 00:00:00 -06:00,0:06:44.66547570,
1845547123,MNQZ5,01/25/2026 11:06:44 +01:00,01/25/2026 11:12:12 +01:00,25479.5,25487.0,1.48,30.5,2,Long,01/25/2026 00:00:00 -06:00,0:05:28.20309660,
1883487694,MNQH6,01/25/2026 12:20:54 +01:00,01/25/2026 12:25:25 +01:00,24648.25,24637.25,0.74,22.0,1,Short,01/25/2026 00:00:00 -06:00,0:04:31.14539620,
1893046806,MNQH6,01/25/2026 14:23:14 +01:00,01/25/2026 14:25:55 +01:00,24203.5,24193.5,0.74,20.0,1,Short,01/25/2026 00:00:00 -06:00,0:02:41.85484320,
1842079652,MNQH6,01/25/2026 16:09:27 +01:00,01/25/2026 16:11:57 +01:00,25669.75,25656.0,1.48,55.5,2,Short,01/25/2026 00:00:00 -06:00,0:02:30.07017710,
1880100753,MNQH6,01/26/2026 12:35:00 +01:00,01/26/2026 12:44:09 +01:00,24783.75,24767.5,1.48,-65.0,2,Long,01/26/2026 00:00:00 -06:00,0:09:09.32053940,
1811818537,MNQH6,01/27/2026 10:59:59 +01:00,01/27/2026 11:04:21 +01:00,24233.5,24243.0,1.48,38.5,2,Long,01/27/2026 00:00:00 -06:00,0:04:22.27263270,
1862466932,MNQH6,01/27/2026 16:27:53 +01:00,01/27/2026 16:37:34 +01:00,24082.75,24059.5,1.48,-93.5,2,Long,01/27/2026 00:00:00 -06:00,0:09:41.74811880,
1823542256,MNQH6,01/29/2026 13:07:18 +01:00,01/29/2026 13:15:03 +01:00,25845.0,25838.75,0.74,12.5,1,Short,01/29/2026 00:00:00 -06:00,0:07:45.26534460,
1864499236,MNQZ5,01/29/2026 16:26:14 +01:00,01/29/2026 16:34:13 +01:00,25628.5,25636.75,0.74,-16.5,1,Short,01/29/2026 00:00:00 -06:00,0:07:59.98862370,
1868420378,MNQH6,01/30/2026 09:56:08 +01:00,01/30/2026 10:00:58 +01:00,24401.0,24407.75,1.48,27.0,2,Long,01/30/2026 00:00:00 -06:00,0:04:50.19365710,
1874478786,MNQZ5,01/30/2026 15:35:10 +01:00,01/30/2026 15:40:01 +01:00,25749.75,25751.75,1.48,-8.0,2,Short,01/30/2026 00:00:00 -06:00,0:04:51.88528970,
1834603010,MNQH6,01/31/2026 16:21:01 +01:00,01/31/2026 16:23:19 +01:00,24561.25,24571.25,1.48,40.0,2,Long,01/31/2026 00:00:00 -06:00,0:02:18.43824630,
